title,url
Monthly Food Commodity Bulletin - January 2025.pdf,http://www.harti.gov.lk/assets/pdf/food_price/monthly/eng/2025/Monthly Food Commodity Bulletin - January 2025.pdf
Monthly Food Commodity Bulletin - March 2025.pdf,http://www.harti.gov.lk/assets/pdf/food_price/monthly/eng/2025/Monthly Food Commodity Bulletin - March 2025.pdf
Monthly Food Commodity Bulletin - April 2025.pdf,http://www.harti.gov.lk/assets/pdf/food_price/monthly/eng/2025/Monthly Food Commodity Bulletin - April 2025.pdf
January_2024.pdf,http://www.harti.gov.lk/assets/pdf/food_price/monthly/eng/2024/January_2024.pdf
February_2024.pdf,http://www.harti.gov.lk/assets/pdf/food_price/monthly/eng/2024/February_2024.pdf
March_2024.pdf,http://www.harti.gov.lk/assets/pdf/food_price/monthly/eng/2024/March_2024.pdf
April_2024.pdf,http://www.harti.gov.lk/assets/pdf/food_price/monthly/eng/2024/April_2024.pdf
May_2024.pdf,http://www.harti.gov.lk/assets/pdf/food_price/monthly/eng/2024/May_2024.pdf
June_2024.pdf,http://www.harti.gov.lk/assets/pdf/food_price/monthly/eng/2024/June_2024.pdf
July_2024.pdf,http://www.harti.gov.lk/assets/pdf/food_price/monthly/eng/2024/July_2024.pdf
August_2024.pdf,http://www.harti.gov.lk/assets/pdf/food_price/monthly/eng/2024/August_2024.pdf
September_2024.pdf,http://www.harti.gov.lk/assets/pdf/food_price/monthly/eng/2024/September_2024.pdf
October_2024.pdf,http://www.harti.gov.lk/assets/pdf/food_price/monthly/eng/2024/October_2024.pdf
November_2024.pdf,http://www.harti.gov.lk/assets/pdf/food_price/monthly/eng/2024/November_2024.pdf
December_2024.pdf,http://www.harti.gov.lk/assets/pdf/food_price/monthly/eng/2024/December_2024.pdf
January_2023.pdf,http://www.harti.gov.lk/assets/pdf/food_price/monthly/eng/2023/January_2023.pdf
February_2023.pdf,http://www.harti.gov.lk/assets/pdf/food_price/monthly/eng/2023/February_2023.pdf
March_2023.pdf,http://www.harti.gov.lk/assets/pdf/food_price/monthly/eng/2023/March_2023.pdf
April_2023.pdf,http://www.harti.gov.lk/assets/pdf/food_price/monthly/eng/2023/April_2023.pdf
May_2023.pdf,http://www.harti.gov.lk/assets/pdf/food_price/monthly/eng/2023/May_2023.pdf
June_2023.pdf,http://www.harti.gov.lk/assets/pdf/food_price/monthly/eng/2023/June_2023.pdf
July_2023.pdf,http://www.harti.gov.lk/assets/pdf/food_price/monthly/eng/2023/July_2023.pdf
August_2023.pdf,http://www.harti.gov.lk/assets/pdf/food_price/monthly/eng/2023/August_2023.pdf
September_2023.pdf,http://www.harti.gov.lk/assets/pdf/food_price/monthly/eng/2023/September_2023.pdf
October_2023.pdf,http://www.harti.gov.lk/assets/pdf/food_price/monthly/eng/2023/October_2023.pdf
November_2023.pdf,http://www.harti.gov.lk/assets/pdf/food_price/monthly/eng/2023/November_2023.pdf
December_2023.pdf,http://www.harti.gov.lk/assets/pdf/food_price/monthly/eng/2023/December_2023.pdf
January_2022.pdf,http://www.harti.gov.lk/assets/pdf/food_price/monthly/eng/2022/January_2022.pdf
February_2022.pdf,http://www.harti.gov.lk/assets/pdf/food_price/monthly/eng/2022/February_2022.pdf
March_2022.pdf,http://www.harti.gov.lk/assets/pdf/food_price/monthly/eng/2022/March_2022.pdf
April_2022.pdf,http://www.harti.gov.lk/assets/pdf/food_price/monthly/eng/2022/April_2022.pdf
May_2022.pdf,http://www.harti.gov.lk/assets/pdf/food_price/monthly/eng/2022/May_2022.pdf
June_2022.pdf,http://www.harti.gov.lk/assets/pdf/food_price/monthly/eng/2022/June_2022.pdf
July_2022.pdf,http://www.harti.gov.lk/assets/pdf/food_price/monthly/eng/2022/July_2022.pdf
August_2022.pdf,http://www.harti.gov.lk/assets/pdf/food_price/monthly/eng/2022/August_2022.pdf
September_2022.pdf,http://www.harti.gov.lk/assets/pdf/food_price/monthly/eng/2022/September_2022.pdf
October_2022.pdf,http://www.harti.gov.lk/assets/pdf/food_price/monthly/eng/2022/October_2022.pdf
November_2022.pdf,http://www.harti.gov.lk/assets/pdf/food_price/monthly/eng/2022/November_2022.pdf
December_2022.pdf,http://www.harti.gov.lk/assets/pdf/food_price/monthly/eng/2022/December_2022.pdf
January_2021.pdf,http://www.harti.gov.lk/assets/pdf/food_price/monthly/eng/2021/January_2021.pdf
February_2021.pdf,http://www.harti.gov.lk/assets/pdf/food_price/monthly/eng/2021/February_2021.pdf
March_2021.pdf,http://www.harti.gov.lk/assets/pdf/food_price/monthly/eng/2021/March_2021.pdf
April_2021.pdf,http://www.harti.gov.lk/assets/pdf/food_price/monthly/eng/2021/April_2021.pdf
May_2021.pdf,http://www.harti.gov.lk/assets/pdf/food_price/monthly/eng/2021/May_2021.pdf
June_2021.pdf,http://www.harti.gov.lk/assets/pdf/food_price/monthly/eng/2021/June_2021.pdf
July_2021.pdf,http://www.harti.gov.lk/assets/pdf/food_price/monthly/eng/2021/July_2021.pdf
August_2021.pdf,http://www.harti.gov.lk/assets/pdf/food_price/monthly/eng/2021/August_2021.pdf
September_2021.pdf,http://www.harti.gov.lk/assets/pdf/food_price/monthly/eng/2021/September_2021.pdf
October_2021.pdf,http://www.harti.gov.lk/assets/pdf/food_price/monthly/eng/2021/October_2021.pdf
November_2021.pdf,http://www.harti.gov.lk/assets/pdf/food_price/monthly/eng/2021/November_2021.pdf
December_2021.pdf,http://www.harti.gov.lk/assets/pdf/food_price/monthly/eng/2021/December_2021.pdf
January_2020.pdf,http://www.harti.gov.lk/assets/pdf/food_price/monthly/eng/2020/January_2020.pdf
February_2020.pdf,http://www.harti.gov.lk/assets/pdf/food_price/monthly/eng/2020/February_2020.pdf
March_2020.pdf,http://www.harti.gov.lk/assets/pdf/food_price/monthly/eng/2020/March_2020.pdf
April_May_2020.pdf,http://www.harti.gov.lk/assets/pdf/food_price/monthly/eng/2020/April_May_2020.pdf
June_2020.pdf,http://www.harti.gov.lk/assets/pdf/food_price/monthly/eng/2020/June_2020.pdf
July_2020.pdf,http://www.harti.gov.lk/assets/pdf/food_price/monthly/eng/2020/July_2020.pdf
August_2020.pdf,http://www.harti.gov.lk/assets/pdf/food_price/monthly/eng/2020/August_2020.pdf
September_2020.pdf,http://www.harti.gov.lk/assets/pdf/food_price/monthly/eng/2020/September_2020.pdf
October_2020.pdf,http://www.harti.gov.lk/assets/pdf/food_price/monthly/eng/2020/October_2020.pdf
November_2020.pdf,http://www.harti.gov.lk/assets/pdf/food_price/monthly/eng/2020/November_2020.pdf
December_2020.pdf,http://www.harti.gov.lk/assets/pdf/food_price/monthly/eng/2020/December_2020.pdf
January_2019.pdf,http://www.harti.gov.lk/assets/pdf/food_price/monthly/eng/2019/January_2019.pdf
February_2019.pdf,http://www.harti.gov.lk/assets/pdf/food_price/monthly/eng/2019/February_2019.pdf
March_2019.pdf,http://www.harti.gov.lk/assets/pdf/food_price/monthly/eng/2019/March_2019.pdf
April_2019.pdf,http://www.harti.gov.lk/assets/pdf/food_price/monthly/eng/2019/April_2019.pdf
May_2019.pdf,http://www.harti.gov.lk/assets/pdf/food_price/monthly/eng/2019/May_2019.pdf
June_2019.pdf,http://www.harti.gov.lk/assets/pdf/food_price/monthly/eng/2019/June_2019.pdf
July_2019.pdf,http://www.harti.gov.lk/assets/pdf/food_price/monthly/eng/2019/July_2019.pdf
August_2019.pdf,http://www.harti.gov.lk/assets/pdf/food_price/monthly/eng/2019/August_2019.pdf
September_2019.pdf,http://www.harti.gov.lk/assets/pdf/food_price/monthly/eng/2019/September_2019.pdf
October_2019.pdf,http://www.harti.gov.lk/assets/pdf/food_price/monthly/eng/2019/October_2019.pdf
November_2019.pdf,http://www.harti.gov.lk/assets/pdf/food_price/monthly/eng/2019/November_2019.pdf
December_2019.pdf,http://www.harti.gov.lk/assets/pdf/food_price/monthly/eng/2019/December_2019.pdf
January_2018.pdf,http://www.harti.gov.lk/assets/pdf/food_price/monthly/eng/2018/January_2018.pdf
February_2018.pdf,http://www.harti.gov.lk/assets/pdf/food_price/monthly/eng/2018/February_2018.pdf
March_2018.pdf,http://www.harti.gov.lk/assets/pdf/food_price/monthly/eng/2018/March_2018.pdf
April_2018.pdf,http://www.harti.gov.lk/assets/pdf/food_price/monthly/eng/2018/April_2018.pdf
May_2018.pdf,http://www.harti.gov.lk/assets/pdf/food_price/monthly/eng/2018/May_2018.pdf
June_2018.pdf,http://www.harti.gov.lk/assets/pdf/food_price/monthly/eng/2018/June_2018.pdf
July_2018.pdf,http://www.harti.gov.lk/assets/pdf/food_price/monthly/eng/2018/July_2018.pdf
August_2018.pdf,http://www.harti.gov.lk/assets/pdf/food_price/monthly/eng/2018/August_2018.pdf
September_2018.pdf,http://www.harti.gov.lk/assets/pdf/food_price/monthly/eng/2018/September_2018.pdf
October_2018.pdf,http://www.harti.gov.lk/assets/pdf/food_price/monthly/eng/2018/October_2018.pdf
November_2018.pdf,http://www.harti.gov.lk/assets/pdf/food_price/monthly/eng/2018/November_2018.pdf
December_2018.pdf,http://www.harti.gov.lk/assets/pdf/food_price/monthly/eng/2018/December_2018.pdf
January_2017.pdf,http://www.harti.gov.lk/assets/pdf/food_price/monthly/eng/2017/January_2017.pdf
February_2017.pdf,http://www.harti.gov.lk/assets/pdf/food_price/monthly/eng/2017/February_2017.pdf
March_2017.pdf,http://www.harti.gov.lk/assets/pdf/food_price/monthly/eng/2017/March_2017.pdf
April_2017.pdf,http://www.harti.gov.lk/assets/pdf/food_price/monthly/eng/2017/April_2017.pdf
May_2017.pdf,http://www.harti.gov.lk/assets/pdf/food_price/monthly/eng/2017/May_2017.pdf
June_2017.pdf,http://www.harti.gov.lk/assets/pdf/food_price/monthly/eng/2017/June_2017.pdf
July_2017.pdf,http://www.harti.gov.lk/assets/pdf/food_price/monthly/eng/2017/July_2017.pdf
August_2017.pdf,http://www.harti.gov.lk/assets/pdf/food_price/monthly/eng/2017/August_2017.pdf
September_2017.pdf,http://www.harti.gov.lk/assets/pdf/food_price/monthly/eng/2017/September_2017.pdf
October_2017.pdf,http://www.harti.gov.lk/assets/pdf/food_price/monthly/eng/2017/October_2017.pdf
November_2017.pdf,http://www.harti.gov.lk/assets/pdf/food_price/monthly/eng/2017/November_2017.pdf
December_2017.pdf,http://www.harti.gov.lk/assets/pdf/food_price/monthly/eng/2017/December_2017.pdf
January_2016.pdf,http://www.harti.gov.lk/assets/pdf/food_price/monthly/eng/2016/January_2016.pdf
February_2016.pdf,http://www.harti.gov.lk/assets/pdf/food_price/monthly/eng/2016/February_2016.pdf
March_2016.pdf,http://www.harti.gov.lk/assets/pdf/food_price/monthly/eng/2016/March_2016.pdf
April_2016.pdf,http://www.harti.gov.lk/assets/pdf/food_price/monthly/eng/2016/April_2016.pdf
May_2016.pdf,http://www.harti.gov.lk/assets/pdf/food_price/monthly/eng/2016/May_2016.pdf
June_2016.pdf,http://www.harti.gov.lk/assets/pdf/food_price/monthly/eng/2016/June_2016.pdf
July_2016.pdf,http://www.harti.gov.lk/assets/pdf/food_price/monthly/eng/2016/July_2016.pdf
August_2016.pdf,http://www.harti.gov.lk/assets/pdf/food_price/monthly/eng/2016/August_2016.pdf
September_2016.pdf,http://www.harti.gov.lk/assets/pdf/food_price/monthly/eng/2016/September_2016.pdf
October_2016.pdf,http://www.harti.gov.lk/assets/pdf/food_price/monthly/eng/2016/October_2016.pdf
November_2016.pdf,http://www.harti.gov.lk/assets/pdf/food_price/monthly/eng/2016/November_2016.pdf
December_2016.pdf,http://www.harti.gov.lk/assets/pdf/food_price/monthly/eng/2016/December_2016.pdf
January_2015.pdf,http://www.harti.gov.lk/assets/pdf/food_price/monthly/eng/2015/January_2015.pdf
February_2015.pdf,http://www.harti.gov.lk/assets/pdf/food_price/monthly/eng/2015/February_2015.pdf
January_2015.pdf,http://www.harti.gov.lk/assets/pdf/food_price/monthly/eng/2015/January_2015.pdf
February_2015.pdf,http://www.harti.gov.lk/assets/pdf/food_price/monthly/eng/2015/February_2015.pdf
March_2015.pdf,http://www.harti.gov.lk/assets/pdf/food_price/monthly/eng/2015/March_2015.pdf
April_2015.pdf,http://www.harti.gov.lk/assets/pdf/food_price/monthly/eng/2015/April_2015.pdf
May_2015.pdf,http://www.harti.gov.lk/assets/pdf/food_price/monthly/eng/2015/May_2015.pdf
June_2015.pdf,http://www.harti.gov.lk/assets/pdf/food_price/monthly/eng/2015/June_2015.pdf
July_2015.pdf,http://www.harti.gov.lk/assets/pdf/food_price/monthly/eng/2015/July_2015.pdf
August_2015.pdf,http://www.harti.gov.lk/assets/pdf/food_price/monthly/eng/2015/August_2015.pdf
September_2015.pdf,http://www.harti.gov.lk/assets/pdf/food_price/monthly/eng/2015/September_2015.pdf
October_2015.pdf,http://www.harti.gov.lk/assets/pdf/food_price/monthly/eng/2015/October_2015.pdf
November_2015.pdf,http://www.harti.gov.lk/assets/pdf/food_price/monthly/eng/2015/November_2015.pdf
December_2015.pdf,http://www.harti.gov.lk/assets/pdf/food_price/monthly/eng/2015/December_2015.pdf
